{
  "segmentation": {
    "in_distribution": {
      "dice": 0.4144991088070659,
      "iou": 0.29936811926533835,
      "precision": 0.44048215970449317,
      "recall": 0.5267419275702757,
      "f2": 0.596244406408152,
      "hd95": 84.16987910916421
    },
    "ood": {
      "dice": 0.4868717767088581,
      "iou": 0.3476511542560355,
      "precision": 0.616131820016867,
      "recall": 0.5037981723318532,
      "f2": 0.5663032698811907,
      "hd95": 78.66021223770477
    },
    "generalisation_gap": {
      "dice_gap": -0.0723726679017922,
      "iou_gap": -0.04828303499069714
    }
  },
  "privacy": {
    "final_epsilon": 2.772045574725495,
    "delta": 1e-05,
    "post_expiry_decryption_success_rate": 0.0
  },
  "system": {
    "encryption_time_per_round": [
      0.055806239446004234,
      0.029459317525227863,
      0.03038962682088216
    ],
    "aggregation_time_per_round": [
      0.09529995918273926,
      0.07777881622314453,
      0.07729721069335938
    ],
    "communication_bytes_per_round": [
      79111638,
      79111638,
      79111638
    ]
  },
  "uncertainty": {
    "ece": 0.0888407084826281,
    "failure_detection_auc": 0.5051674245556015
  }
}